publishTime,startTime,settlementDate,settlementPeriod,generation
2023-12-31T22:30:00Z,2024-01-01T00:00:00Z,2024-01-01,1,11453
2023-12-31T22:30:00Z,2024-01-01T01:00:00Z,2024-01-01,3,11838
2023-12-31T22:30:00Z,2024-01-01T02:00:00Z,2024-01-01,5,12090
2023-12-31T22:30:00Z,2024-01-01T03:00:00Z,2024-01-01,7,12428
2023-12-31T22:30:00Z,2024-01-01T04:00:00Z,2024-01-01,9,12775
2023-12-31T22:30:00Z,2024-01-01T05:00:00Z,2024-01-01,11,12877
2023-12-31T22:30:00Z,2024-01-01T06:00:00Z,2024-01-01,13,12921
2023-12-31T22:30:00Z,2024-01-01T07:00:00Z,2024-01-01,15,12969
2023-12-31T22:30:00Z,2024-01-01T08:00:00Z,2024-01-01,17,12833
2023-12-31T22:30:00Z,2024-01-01T09:00:00Z,2024-01-01,19,12554
2023-12-31T22:30:00Z,2024-01-01T10:00:00Z,2024-01-01,21,12066
2023-12-31T22:30:00Z,2024-01-01T11:00:00Z,2024-01-01,23,11458
2023-12-31T22:30:00Z,2024-01-01T12:00:00Z,2024-01-01,25,10784
2023-12-31T22:30:00Z,2024-01-01T13:00:00Z,2024-01-01,27,9595
2023-12-31T22:30:00Z,2024-01-01T14:00:00Z,2024-01-01,29,8393
2023-12-31T22:30:00Z,2024-01-01T15:00:00Z,2024-01-01,31,7274
2023-12-31T22:30:00Z,2024-01-01T16:00:00Z,2024-01-01,33,6502
2023-12-31T22:30:00Z,2024-01-01T17:00:00Z,2024-01-01,35,6067
2023-12-31T22:30:00Z,2024-01-01T18:00:00Z,2024-01-01,37,5956
2023-12-31T22:30:00Z,2024-01-01T19:00:00Z,2024-01-01,39,6668
2023-12-31T22:30:00Z,2024-01-01T20:00:00Z,2024-01-01,41,7438
2024-01-01T22:30:00Z,2024-01-01T21:00:00Z,2024-01-01,43,11736
2024-01-01T22:30:00Z,2024-01-01T22:00:00Z,2024-01-01,45,13128
2024-01-01T22:30:00Z,2024-01-01T23:00:00Z,2024-01-01,47,14426
2024-01-01T22:30:00Z,2024-01-02T00:00:00Z,2024-01-02,1,15364
2024-01-01T22:30:00Z,2024-01-02T01:00:00Z,2024-01-02,3,15807
2024-01-01T22:30:00Z,2024-01-02T02:00:00Z,2024-01-02,5,15888
2024-01-01T22:30:00Z,2024-01-02T03:00:00Z,2024-01-02,7,15537
2024-01-01T22:30:00Z,2024-01-02T04:00:00Z,2024-01-02,9,15028
2024-01-01T22:30:00Z,2024-01-02T05:00:00Z,2024-01-02,11,14461
2024-01-01T22:30:00Z,2024-01-02T06:00:00Z,2024-01-02,13,14048
2024-01-01T22:30:00Z,2024-01-02T07:00:00Z,2024-01-02,15,13492
2024-01-01T22:30:00Z,2024-01-02T08:00:00Z,2024-01-02,17,12938
2024-01-01T22:30:00Z,2024-01-02T09:00:00Z,2024-01-02,19,12378
2024-01-01T22:30:00Z,2024-01-02T10:00:00Z,2024-01-02,21,11633
2024-01-01T22:30:00Z,2024-01-02T11:00:00Z,2024-01-02,23,10729
2024-01-01T22:30:00Z,2024-01-02T12:00:00Z,2024-01-02,25,9778
2024-01-01T22:30:00Z,2024-01-02T13:00:00Z,2024-01-02,27,9216
2024-01-01T22:30:00Z,2024-01-02T14:00:00Z,2024-01-02,29,8783
2024-01-01T22:30:00Z,2024-01-02T15:00:00Z,2024-01-02,31,8802
2024-01-01T22:30:00Z,2024-01-02T16:00:00Z,2024-01-02,33,8869
2024-01-01T22:30:00Z,2024-01-02T17:00:00Z,2024-01-02,35,9219
2024-01-01T22:30:00Z,2024-01-02T18:00:00Z,2024-01-02,37,9757
2024-01-01T22:30:00Z,2024-01-02T19:00:00Z,2024-01-02,39,10280
2024-01-01T22:30:00Z,2024-01-02T20:00:00Z,2024-01-02,41,11162
2024-01-02T22:30:00Z,2024-01-02T21:00:00Z,2024-01-02,43,12259
2024-01-02T22:30:00Z,2024-01-02T22:00:00Z,2024-01-02,45,12286
2024-01-02T22:30:00Z,2024-01-02T23:00:00Z,2024-01-02,47,12296
2024-01-02T22:30:00Z,2024-01-03T00:00:00Z,2024-01-03,1,12215
2024-01-02T22:30:00Z,2024-01-03T01:00:00Z,2024-01-03,3,11935
2024-01-02T22:30:00Z,2024-01-03T02:00:00Z,2024-01-03,5,11736
2024-01-02T22:30:00Z,2024-01-03T03:00:00Z,2024-01-03,7,11588
2024-01-02T22:30:00Z,2024-01-03T04:00:00Z,2024-01-03,9,11286
2024-01-02T22:30:00Z,2024-01-03T05:00:00Z,2024-01-03,11,10886
2024-01-02T22:30:00Z,2024-01-03T06:00:00Z,2024-01-03,13,10514
2024-01-02T22:30:00Z,2024-01-03T07:00:00Z,2024-01-03,15,10167
2024-01-02T22:30:00Z,2024-01-03T08:00:00Z,2024-01-03,17,9874
2024-01-02T22:30:00Z,2024-01-03T09:00:00Z,2024-01-03,19,9633
2024-01-02T22:30:00Z,2024-01-03T10:00:00Z,2024-01-03,21,9503
2024-01-02T22:30:00Z,2024-01-03T11:00:00Z,2024-01-03,23,9232
2024-01-02T22:30:00Z,2024-01-03T12:00:00Z,2024-01-03,25,8866
2024-01-02T22:30:00Z,2024-01-03T13:00:00Z,2024-01-03,27,8791
2024-01-02T22:30:00Z,2024-01-03T14:00:00Z,2024-01-03,29,8357
2024-01-02T22:30:00Z,2024-01-03T15:00:00Z,2024-01-03,31,8359
2024-01-02T22:30:00Z,2024-01-03T16:00:00Z,2024-01-03,33,8699
2024-01-02T22:30:00Z,2024-01-03T17:00:00Z,2024-01-03,35,9085
2024-01-02T22:30:00Z,2024-01-03T18:00:00Z,2024-01-03,37,9393
2024-01-02T22:30:00Z,2024-01-03T19:00:00Z,2024-01-03,39,9885
2024-01-02T22:30:00Z,2024-01-03T20:00:00Z,2024-01-03,41,10276
2024-01-03T22:30:00Z,2024-01-03T21:00:00Z,2024-01-03,43,8611
2024-01-03T22:30:00Z,2024-01-03T22:00:00Z,2024-01-03,45,8851
2024-01-03T22:30:00Z,2024-01-03T23:00:00Z,2024-01-03,47,8926
2024-01-03T22:30:00Z,2024-01-04T00:00:00Z,2024-01-04,1,9132
2024-01-03T22:30:00Z,2024-01-04T01:00:00Z,2024-01-04,3,9115
2024-01-03T22:30:00Z,2024-01-04T02:00:00Z,2024-01-04,5,9084
2024-01-03T22:30:00Z,2024-01-04T03:00:00Z,2024-01-04,7,9120
2024-01-03T22:30:00Z,2024-01-04T04:00:00Z,2024-01-04,9,9018
2024-01-03T22:30:00Z,2024-01-04T05:00:00Z,2024-01-04,11,8681
2024-01-03T22:30:00Z,2024-01-04T06:00:00Z,2024-01-04,13,8315
2024-01-03T22:30:00Z,2024-01-04T07:00:00Z,2024-01-04,15,7889
2024-01-03T22:30:00Z,2024-01-04T08:00:00Z,2024-01-04,17,7355
2024-01-03T22:30:00Z,2024-01-04T09:00:00Z,2024-01-04,19,7021
2024-01-03T22:30:00Z,2024-01-04T10:00:00Z,2024-01-04,21,6550
2024-01-03T22:30:00Z,2024-01-04T11:00:00Z,2024-01-04,23,5940
2024-01-03T22:30:00Z,2024-01-04T12:00:00Z,2024-01-04,25,5088
2024-01-03T22:30:00Z,2024-01-04T13:00:00Z,2024-01-04,27,4194
2024-01-03T22:30:00Z,2024-01-04T14:00:00Z,2024-01-04,29,3572
2024-01-03T22:30:00Z,2024-01-04T15:00:00Z,2024-01-04,31,3131
2024-01-03T22:30:00Z,2024-01-04T16:00:00Z,2024-01-04,33,2973
2024-01-03T22:30:00Z,2024-01-04T17:00:00Z,2024-01-04,35,3003
2024-01-03T22:30:00Z,2024-01-04T18:00:00Z,2024-01-04,37,3177
2024-01-03T22:30:00Z,2024-01-04T19:00:00Z,2024-01-04,39,3286
2024-01-03T22:30:00Z,2024-01-04T20:00:00Z,2024-01-04,41,3392
2024-01-04T22:30:00Z,2024-01-04T21:00:00Z,2024-01-04,43,5101
2024-01-04T22:30:00Z,2024-01-04T22:00:00Z,2024-01-04,45,5518
2024-01-04T22:30:00Z,2024-01-04T23:00:00Z,2024-01-04,47,6232
2024-01-04T22:30:00Z,2024-01-05T00:00:00Z,2024-01-05,1,6947
2024-01-04T22:30:00Z,2024-01-05T01:00:00Z,2024-01-05,3,7543
2024-01-04T22:30:00Z,2024-01-05T02:00:00Z,2024-01-05,5,7703
2024-01-04T22:30:00Z,2024-01-05T03:00:00Z,2024-01-05,7,7889
2024-01-04T22:30:00Z,2024-01-05T04:00:00Z,2024-01-05,9,7904
2024-01-04T22:30:00Z,2024-01-05T05:00:00Z,2024-01-05,11,7782
2024-01-04T22:30:00Z,2024-01-05T06:00:00Z,2024-01-05,13,8101
2024-01-04T22:30:00Z,2024-01-05T07:00:00Z,2024-01-05,15,8211
2024-01-04T22:30:00Z,2024-01-05T08:00:00Z,2024-01-05,17,8260
2024-01-04T22:30:00Z,2024-01-05T09:00:00Z,2024-01-05,19,8396
2024-01-04T22:30:00Z,2024-01-05T10:00:00Z,2024-01-05,21,8436
2024-01-04T22:30:00Z,2024-01-05T11:00:00Z,2024-01-05,23,8360
2024-01-04T22:30:00Z,2024-01-05T12:00:00Z,2024-01-05,25,8255
2024-01-04T22:30:00Z,2024-01-05T13:00:00Z,2024-01-05,27,8198
2024-01-04T22:30:00Z,2024-01-05T14:00:00Z,2024-01-05,29,8250
2024-01-04T22:30:00Z,2024-01-05T15:00:00Z,2024-01-05,31,8108
2024-01-04T22:30:00Z,2024-01-05T16:00:00Z,2024-01-05,33,7820
2024-01-04T22:30:00Z,2024-01-05T17:00:00Z,2024-01-05,35,7960
2024-01-04T22:30:00Z,2024-01-05T18:00:00Z,2024-01-05,37,7929
2024-01-04T22:30:00Z,2024-01-05T19:00:00Z,2024-01-05,39,7645
2024-01-04T22:30:00Z,2024-01-05T20:00:00Z,2024-01-05,41,7534
2024-01-05T22:30:00Z,2024-01-05T21:00:00Z,2024-01-05,43,6855
2024-01-05T22:30:00Z,2024-01-05T22:00:00Z,2024-01-05,45,6654
2024-01-05T22:30:00Z,2024-01-05T23:00:00Z,2024-01-05,47,6570
2024-01-05T22:30:00Z,2024-01-06T00:00:00Z,2024-01-06,1,6590
2024-01-05T22:30:00Z,2024-01-06T01:00:00Z,2024-01-06,3,6373
2024-01-05T22:30:00Z,2024-01-06T02:00:00Z,2024-01-06,5,6575
2024-01-05T22:30:00Z,2024-01-06T03:00:00Z,2024-01-06,7,6457
2024-01-05T22:30:00Z,2024-01-06T04:00:00Z,2024-01-06,9,6410
2024-01-05T22:30:00Z,2024-01-06T05:00:00Z,2024-01-06,11,6524
2024-01-05T22:30:00Z,2024-01-06T06:00:00Z,2024-01-06,13,6631
2024-01-05T22:30:00Z,2024-01-06T07:00:00Z,2024-01-06,15,6390
2024-01-05T22:30:00Z,2024-01-06T08:00:00Z,2024-01-06,17,6442
2024-01-05T22:30:00Z,2024-01-06T09:00:00Z,2024-01-06,19,6517
2024-01-05T22:30:00Z,2024-01-06T10:00:00Z,2024-01-06,21,6359
2024-01-05T22:30:00Z,2024-01-06T11:00:00Z,2024-01-06,23,6332
2024-01-05T22:30:00Z,2024-01-06T12:00:00Z,2024-01-06,25,6235
2024-01-05T22:30:00Z,2024-01-06T13:00:00Z,2024-01-06,27,6463
2024-01-05T22:30:00Z,2024-01-06T14:00:00Z,2024-01-06,29,6627
2024-01-05T22:30:00Z,2024-01-06T15:00:00Z,2024-01-06,31,6747
2024-01-05T22:30:00Z,2024-01-06T16:00:00Z,2024-01-06,33,6772
2024-01-05T22:30:00Z,2024-01-06T17:00:00Z,2024-01-06,35,6830
2024-01-05T22:30:00Z,2024-01-06T18:00:00Z,2024-01-06,37,6815
2024-01-05T22:30:00Z,2024-01-06T19:00:00Z,2024-01-06,39,6594
2024-01-05T22:30:00Z,2024-01-06T20:00:00Z,2024-01-06,41,6488
2024-01-06T22:30:00Z,2024-01-06T21:00:00Z,2024-01-06,43,5909
2024-01-06T22:30:00Z,2024-01-06T22:00:00Z,2024-01-06,45,5996
2024-01-06T22:30:00Z,2024-01-06T23:00:00Z,2024-01-06,47,6149
2024-01-06T22:30:00Z,2024-01-07T00:00:00Z,2024-01-07,1,6235
2024-01-06T22:30:00Z,2024-01-07T01:00:00Z,2024-01-07,3,6292
2024-01-06T22:30:00Z,2024-01-07T02:00:00Z,2024-01-07,5,6311
2024-01-06T22:30:00Z,2024-01-07T03:00:00Z,2024-01-07,7,6274
2024-01-06T22:30:00Z,2024-01-07T04:00:00Z,2024-01-07,9,6360
2024-01-06T22:30:00Z,2024-01-07T05:00:00Z,2024-01-07,11,6321
2024-01-06T22:30:00Z,2024-01-07T06:00:00Z,2024-01-07,13,6166
2024-01-06T22:30:00Z,2024-01-07T07:00:00Z,2024-01-07,15,6022
2024-01-06T22:30:00Z,2024-01-07T08:00:00Z,2024-01-07,17,5766
2024-01-06T22:30:00Z,2024-01-07T09:00:00Z,2024-01-07,19,5570
2024-01-06T22:30:00Z,2024-01-07T10:00:00Z,2024-01-07,21,5275
2024-01-06T22:30:00Z,2024-01-07T11:00:00Z,2024-01-07,23,4899
2024-01-06T22:30:00Z,2024-01-07T12:00:00Z,2024-01-07,25,4657
2024-01-06T22:30:00Z,2024-01-07T13:00:00Z,2024-01-07,27,4556
2024-01-06T22:30:00Z,2024-01-07T14:00:00Z,2024-01-07,29,4474
2024-01-06T22:30:00Z,2024-01-07T15:00:00Z,2024-01-07,31,4459
2024-01-06T22:30:00Z,2024-01-07T16:00:00Z,2024-01-07,33,4471
2024-01-06T22:30:00Z,2024-01-07T17:00:00Z,2024-01-07,35,4456
2024-01-06T22:30:00Z,2024-01-07T18:00:00Z,2024-01-07,37,4535
2024-01-06T22:30:00Z,2024-01-07T19:00:00Z,2024-01-07,39,4545
2024-01-06T22:30:00Z,2024-01-07T20:00:00Z,2024-01-07,41,4591
2024-01-07T22:30:00Z,2024-01-07T21:00:00Z,2024-01-07,43,4162
2024-01-07T22:30:00Z,2024-01-07T22:00:00Z,2024-01-07,45,4098
2024-01-07T22:30:00Z,2024-01-07T23:00:00Z,2024-01-07,47,4245
2024-01-07T22:30:00Z,2024-01-08T00:00:00Z,2024-01-08,1,4578
2024-01-07T22:30:00Z,2024-01-08T01:00:00Z,2024-01-08,3,4805
2024-01-07T22:30:00Z,2024-01-08T02:00:00Z,2024-01-08,5,5087
2024-01-07T22:30:00Z,2024-01-08T03:00:00Z,2024-01-08,7,5479
2024-01-07T22:30:00Z,2024-01-08T04:00:00Z,2024-01-08,9,5772
2024-01-07T22:30:00Z,2024-01-08T05:00:00Z,2024-01-08,11,6485
2024-01-07T22:30:00Z,2024-01-08T06:00:00Z,2024-01-08,13,6950
2024-01-07T22:30:00Z,2024-01-08T07:00:00Z,2024-01-08,15,7285
2024-01-07T22:30:00Z,2024-01-08T08:00:00Z,2024-01-08,17,7963
2024-01-07T22:30:00Z,2024-01-08T09:00:00Z,2024-01-08,19,8404
2024-01-07T22:30:00Z,2024-01-08T10:00:00Z,2024-01-08,21,8785
2024-01-07T22:30:00Z,2024-01-08T11:00:00Z,2024-01-08,23,8648
2024-01-07T22:30:00Z,2024-01-08T12:00:00Z,2024-01-08,25,8523
2024-01-07T22:30:00Z,2024-01-08T13:00:00Z,2024-01-08,27,8343
2024-01-07T22:30:00Z,2024-01-08T14:00:00Z,2024-01-08,29,8453
2024-01-07T22:30:00Z,2024-01-08T15:00:00Z,2024-01-08,31,8635
2024-01-07T22:30:00Z,2024-01-08T16:00:00Z,2024-01-08,33,8913
2024-01-07T22:30:00Z,2024-01-08T17:00:00Z,2024-01-08,35,9307
2024-01-07T22:30:00Z,2024-01-08T18:00:00Z,2024-01-08,37,9573
2024-01-07T22:30:00Z,2024-01-08T19:00:00Z,2024-01-08,39,9627
2024-01-07T22:30:00Z,2024-01-08T20:00:00Z,2024-01-08,41,9492
2024-01-08T22:30:00Z,2024-01-08T21:00:00Z,2024-01-08,43,10272
2024-01-08T22:30:00Z,2024-01-08T22:00:00Z,2024-01-08,45,10121
2024-01-08T22:30:00Z,2024-01-08T23:00:00Z,2024-01-08,47,9958
2024-01-08T22:30:00Z,2024-01-09T00:00:00Z,2024-01-09,1,9836
2024-01-08T22:30:00Z,2024-01-09T01:00:00Z,2024-01-09,3,9619
2024-01-08T22:30:00Z,2024-01-09T02:00:00Z,2024-01-09,5,9367
2024-01-08T22:30:00Z,2024-01-09T03:00:00Z,2024-01-09,7,9084
2024-01-08T22:30:00Z,2024-01-09T04:00:00Z,2024-01-09,9,8813
2024-01-08T22:30:00Z,2024-01-09T05:00:00Z,2024-01-09,11,8865
2024-01-08T22:30:00Z,2024-01-09T06:00:00Z,2024-01-09,13,9049
2024-01-08T22:30:00Z,2024-01-09T07:00:00Z,2024-01-09,15,9181
2024-01-08T22:30:00Z,2024-01-09T08:00:00Z,2024-01-09,17,9330
2024-01-08T22:30:00Z,2024-01-09T09:00:00Z,2024-01-09,19,9425
2024-01-08T22:30:00Z,2024-01-09T10:00:00Z,2024-01-09,21,9495
2024-01-08T22:30:00Z,2024-01-09T11:00:00Z,2024-01-09,23,9371
2024-01-08T22:30:00Z,2024-01-09T12:00:00Z,2024-01-09,25,9182
2024-01-08T22:30:00Z,2024-01-09T13:00:00Z,2024-01-09,27,9130
2024-01-08T22:30:00Z,2024-01-09T14:00:00Z,2024-01-09,29,9037
2024-01-08T22:30:00Z,2024-01-09T15:00:00Z,2024-01-09,31,8963
2024-01-08T22:30:00Z,2024-01-09T16:00:00Z,2024-01-09,33,9115
2024-01-08T22:30:00Z,2024-01-09T17:00:00Z,2024-01-09,35,9363
2024-01-08T22:30:00Z,2024-01-09T18:00:00Z,2024-01-09,37,9325
2024-01-08T22:30:00Z,2024-01-09T19:00:00Z,2024-01-09,39,9033
2024-01-08T22:30:00Z,2024-01-09T20:00:00Z,2024-01-09,41,8697
2024-01-09T22:30:00Z,2024-01-09T21:00:00Z,2024-01-09,43,8836
2024-01-09T22:30:00Z,2024-01-09T22:00:00Z,2024-01-09,45,8340
2024-01-09T22:30:00Z,2024-01-09T23:00:00Z,2024-01-09,47,7946
2024-01-09T22:30:00Z,2024-01-10T00:00:00Z,2024-01-10,1,7616
2024-01-09T22:30:00Z,2024-01-10T01:00:00Z,2024-01-10,3,7455
2024-01-09T22:30:00Z,2024-01-10T02:00:00Z,2024-01-10,5,7198
2024-01-09T22:30:00Z,2024-01-10T03:00:00Z,2024-01-10,7,6887
2024-01-09T22:30:00Z,2024-01-10T04:00:00Z,2024-01-10,9,6723
2024-01-09T22:30:00Z,2024-01-10T05:00:00Z,2024-01-10,11,6735
2024-01-09T22:30:00Z,2024-01-10T06:00:00Z,2024-01-10,13,6844
2024-01-09T22:30:00Z,2024-01-10T07:00:00Z,2024-01-10,15,6720
2024-01-09T22:30:00Z,2024-01-10T08:00:00Z,2024-01-10,17,6617
2024-01-09T22:30:00Z,2024-01-10T09:00:00Z,2024-01-10,19,6505
2024-01-09T22:30:00Z,2024-01-10T10:00:00Z,2024-01-10,21,6350
2024-01-09T22:30:00Z,2024-01-10T11:00:00Z,2024-01-10,23,6263
2024-01-09T22:30:00Z,2024-01-10T12:00:00Z,2024-01-10,25,6348
2024-01-09T22:30:00Z,2024-01-10T13:00:00Z,2024-01-10,27,6531
2024-01-09T22:30:00Z,2024-01-10T14:00:00Z,2024-01-10,29,6811
2024-01-09T22:30:00Z,2024-01-10T15:00:00Z,2024-01-10,31,7106
2024-01-09T22:30:00Z,2024-01-10T16:00:00Z,2024-01-10,33,7446
2024-01-09T22:30:00Z,2024-01-10T17:00:00Z,2024-01-10,35,7590
2024-01-09T22:30:00Z,2024-01-10T18:00:00Z,2024-01-10,37,7625
2024-01-09T22:30:00Z,2024-01-10T19:00:00Z,2024-01-10,39,7257
2024-01-09T22:30:00Z,2024-01-10T20:00:00Z,2024-01-10,41,6790
2024-01-10T22:30:00Z,2024-01-10T21:00:00Z,2024-01-10,43,6860
2024-01-10T22:30:00Z,2024-01-10T22:00:00Z,2024-01-10,45,6126
2024-01-10T22:30:00Z,2024-01-10T23:00:00Z,2024-01-10,47,5462
2024-01-10T22:30:00Z,2024-01-11T00:00:00Z,2024-01-11,1,5046
2024-01-10T22:30:00Z,2024-01-11T01:00:00Z,2024-01-11,3,4691
2024-01-10T22:30:00Z,2024-01-11T02:00:00Z,2024-01-11,5,4486
2024-01-10T22:30:00Z,2024-01-11T03:00:00Z,2024-01-11,7,4290
2024-01-10T22:30:00Z,2024-01-11T04:00:00Z,2024-01-11,9,4274
2024-01-10T22:30:00Z,2024-01-11T05:00:00Z,2024-01-11,11,4384
2024-01-10T22:30:00Z,2024-01-11T06:00:00Z,2024-01-11,13,4492
2024-01-10T22:30:00Z,2024-01-11T07:00:00Z,2024-01-11,15,4498
2024-01-10T22:30:00Z,2024-01-11T08:00:00Z,2024-01-11,17,4451
2024-01-10T22:30:00Z,2024-01-11T09:00:00Z,2024-01-11,19,4371
2024-01-10T22:30:00Z,2024-01-11T10:00:00Z,2024-01-11,21,4389
2024-01-10T22:30:00Z,2024-01-11T11:00:00Z,2024-01-11,23,4691
2024-01-10T22:30:00Z,2024-01-11T12:00:00Z,2024-01-11,25,5118
2024-01-10T22:30:00Z,2024-01-11T13:00:00Z,2024-01-11,27,5605
2024-01-10T22:30:00Z,2024-01-11T14:00:00Z,2024-01-11,29,5995
2024-01-10T22:30:00Z,2024-01-11T15:00:00Z,2024-01-11,31,6171
2024-01-10T22:30:00Z,2024-01-11T16:00:00Z,2024-01-11,33,6388
2024-01-10T22:30:00Z,2024-01-11T17:00:00Z,2024-01-11,35,6598
2024-01-10T22:30:00Z,2024-01-11T18:00:00Z,2024-01-11,37,6698
2024-01-10T22:30:00Z,2024-01-11T19:00:00Z,2024-01-11,39,6562
2024-01-10T22:30:00Z,2024-01-11T20:00:00Z,2024-01-11,41,6376
2024-01-11T22:30:00Z,2024-01-11T21:00:00Z,2024-01-11,43,7207
2024-01-11T22:30:00Z,2024-01-11T22:00:00Z,2024-01-11,45,6910
2024-01-11T22:30:00Z,2024-01-11T23:00:00Z,2024-01-11,47,6543
2024-01-11T22:30:00Z,2024-01-12T00:00:00Z,2024-01-12,1,6271
2024-01-11T22:30:00Z,2024-01-12T01:00:00Z,2024-01-12,3,6050
2024-01-11T22:30:00Z,2024-01-12T02:00:00Z,2024-01-12,5,5729
2024-01-11T22:30:00Z,2024-01-12T03:00:00Z,2024-01-12,7,5537
2024-01-11T22:30:00Z,2024-01-12T04:00:00Z,2024-01-12,9,5202
2024-01-11T22:30:00Z,2024-01-12T05:00:00Z,2024-01-12,11,4899
2024-01-11T22:30:00Z,2024-01-12T06:00:00Z,2024-01-12,13,4573
2024-01-11T22:30:00Z,2024-01-12T07:00:00Z,2024-01-12,15,4281
2024-01-11T22:30:00Z,2024-01-12T08:00:00Z,2024-01-12,17,3828
2024-01-11T22:30:00Z,2024-01-12T09:00:00Z,2024-01-12,19,3562
2024-01-11T22:30:00Z,2024-01-12T10:00:00Z,2024-01-12,21,3377
2024-01-11T22:30:00Z,2024-01-12T11:00:00Z,2024-01-12,23,3127
2024-01-11T22:30:00Z,2024-01-12T12:00:00Z,2024-01-12,25,3028
2024-01-11T22:30:00Z,2024-01-12T13:00:00Z,2024-01-12,27,3053
2024-01-11T22:30:00Z,2024-01-12T14:00:00Z,2024-01-12,29,3158
2024-01-11T22:30:00Z,2024-01-12T15:00:00Z,2024-01-12,31,3344
2024-01-11T22:30:00Z,2024-01-12T16:00:00Z,2024-01-12,33,3602
2024-01-11T22:30:00Z,2024-01-12T17:00:00Z,2024-01-12,35,3871
2024-01-11T22:30:00Z,2024-01-12T18:00:00Z,2024-01-12,37,4031
2024-01-11T22:30:00Z,2024-01-12T19:00:00Z,2024-01-12,39,4226
2024-01-11T22:30:00Z,2024-01-12T20:00:00Z,2024-01-12,41,4480
2024-01-12T22:30:00Z,2024-01-12T21:00:00Z,2024-01-12,43,4929
2024-01-12T22:30:00Z,2024-01-12T22:00:00Z,2024-01-12,45,5448
2024-01-12T22:30:00Z,2024-01-12T23:00:00Z,2024-01-12,47,6205
2024-01-12T22:30:00Z,2024-01-13T00:00:00Z,2024-01-13,1,7053
2024-01-12T22:30:00Z,2024-01-13T01:00:00Z,2024-01-13,3,7695
2024-01-12T22:30:00Z,2024-01-13T02:00:00Z,2024-01-13,5,7900
2024-01-12T22:30:00Z,2024-01-13T03:00:00Z,2024-01-13,7,8012
2024-01-12T22:30:00Z,2024-01-13T04:00:00Z,2024-01-13,9,7908
2024-01-12T22:30:00Z,2024-01-13T05:00:00Z,2024-01-13,11,7749
2024-01-12T22:30:00Z,2024-01-13T06:00:00Z,2024-01-13,13,7387
2024-01-12T22:30:00Z,2024-01-13T07:00:00Z,2024-01-13,15,7087
2024-01-12T22:30:00Z,2024-01-13T08:00:00Z,2024-01-13,17,7041
2024-01-12T22:30:00Z,2024-01-13T09:00:00Z,2024-01-13,19,6998
2024-01-12T22:30:00Z,2024-01-13T10:00:00Z,2024-01-13,21,6880
2024-01-12T22:30:00Z,2024-01-13T11:00:00Z,2024-01-13,23,6654
2024-01-12T22:30:00Z,2024-01-13T12:00:00Z,2024-01-13,25,6668
2024-01-12T22:30:00Z,2024-01-13T13:00:00Z,2024-01-13,27,6759
2024-01-12T22:30:00Z,2024-01-13T14:00:00Z,2024-01-13,29,6738
2024-01-12T22:30:00Z,2024-01-13T15:00:00Z,2024-01-13,31,6716
2024-01-12T22:30:00Z,2024-01-13T16:00:00Z,2024-01-13,33,6793
2024-01-12T22:30:00Z,2024-01-13T17:00:00Z,2024-01-13,35,6781
2024-01-12T22:30:00Z,2024-01-13T18:00:00Z,2024-01-13,37,6746
2024-01-12T22:30:00Z,2024-01-13T19:00:00Z,2024-01-13,39,6818
2024-01-12T22:30:00Z,2024-01-13T20:00:00Z,2024-01-13,41,6847
2024-01-13T22:30:00Z,2024-01-13T21:00:00Z,2024-01-13,43,6422
2024-01-13T22:30:00Z,2024-01-13T22:00:00Z,2024-01-13,45,6316
2024-01-13T22:30:00Z,2024-01-13T23:00:00Z,2024-01-13,47,6203
2024-01-13T22:30:00Z,2024-01-14T00:00:00Z,2024-01-14,1,6147
2024-01-13T22:30:00Z,2024-01-14T01:00:00Z,2024-01-14,3,6203
2024-01-13T22:30:00Z,2024-01-14T02:00:00Z,2024-01-14,5,6421
2024-01-13T22:30:00Z,2024-01-14T03:00:00Z,2024-01-14,7,6440
2024-01-13T22:30:00Z,2024-01-14T04:00:00Z,2024-01-14,9,6750
2024-01-13T22:30:00Z,2024-01-14T05:00:00Z,2024-01-14,11,7107
2024-01-13T22:30:00Z,2024-01-14T06:00:00Z,2024-01-14,13,7446
2024-01-13T22:30:00Z,2024-01-14T07:00:00Z,2024-01-14,15,7781
2024-01-13T22:30:00Z,2024-01-14T08:00:00Z,2024-01-14,17,8239
2024-01-13T22:30:00Z,2024-01-14T09:00:00Z,2024-01-14,19,9030
2024-01-13T22:30:00Z,2024-01-14T10:00:00Z,2024-01-14,21,9608
2024-01-13T22:30:00Z,2024-01-14T11:00:00Z,2024-01-14,23,10562
2024-01-13T22:30:00Z,2024-01-14T12:00:00Z,2024-01-14,25,11379
2024-01-13T22:30:00Z,2024-01-14T13:00:00Z,2024-01-14,27,12181
2024-01-13T22:30:00Z,2024-01-14T14:00:00Z,2024-01-14,29,12531
2024-01-13T22:30:00Z,2024-01-14T15:00:00Z,2024-01-14,31,12958
2024-01-13T22:30:00Z,2024-01-14T16:00:00Z,2024-01-14,33,13528
2024-01-13T22:30:00Z,2024-01-14T17:00:00Z,2024-01-14,35,14227
2024-01-13T22:30:00Z,2024-01-14T18:00:00Z,2024-01-14,37,14628
2024-01-13T22:30:00Z,2024-01-14T19:00:00Z,2024-01-14,39,15010
2024-01-13T22:30:00Z,2024-01-14T20:00:00Z,2024-01-14,41,15228
2024-01-14T22:30:00Z,2024-01-14T21:00:00Z,2024-01-14,43,14483
2024-01-14T22:30:00Z,2024-01-14T22:00:00Z,2024-01-14,45,14703
2024-01-14T22:30:00Z,2024-01-14T23:00:00Z,2024-01-14,47,14966
2024-01-14T22:30:00Z,2024-01-15T00:00:00Z,2024-01-15,1,15260
2024-01-14T22:30:00Z,2024-01-15T01:00:00Z,2024-01-15,3,15539
2024-01-14T22:30:00Z,2024-01-15T02:00:00Z,2024-01-15,5,15874
2024-01-14T22:30:00Z,2024-01-15T03:00:00Z,2024-01-15,7,16095
2024-01-14T22:30:00Z,2024-01-15T04:00:00Z,2024-01-15,9,16158
2024-01-14T22:30:00Z,2024-01-15T05:00:00Z,2024-01-15,11,16235
2024-01-14T22:30:00Z,2024-01-15T06:00:00Z,2024-01-15,13,16184
2024-01-14T22:30:00Z,2024-01-15T07:00:00Z,2024-01-15,15,16030
2024-01-14T22:30:00Z,2024-01-15T08:00:00Z,2024-01-15,17,15777
2024-01-14T22:30:00Z,2024-01-15T09:00:00Z,2024-01-15,19,15580
2024-01-14T22:30:00Z,2024-01-15T10:00:00Z,2024-01-15,21,15561
2024-01-14T22:30:00Z,2024-01-15T11:00:00Z,2024-01-15,23,15576
2024-01-14T22:30:00Z,2024-01-15T12:00:00Z,2024-01-15,25,15668
2024-01-14T22:30:00Z,2024-01-15T13:00:00Z,2024-01-15,27,15633
2024-01-14T22:30:00Z,2024-01-15T14:00:00Z,2024-01-15,29,15150
2024-01-14T22:30:00Z,2024-01-15T15:00:00Z,2024-01-15,31,14256
2024-01-14T22:30:00Z,2024-01-15T16:00:00Z,2024-01-15,33,13637
2024-01-14T22:30:00Z,2024-01-15T17:00:00Z,2024-01-15,35,13203
2024-01-14T22:30:00Z,2024-01-15T18:00:00Z,2024-01-15,37,12635
2024-01-14T22:30:00Z,2024-01-15T19:00:00Z,2024-01-15,39,11835
2024-01-14T22:30:00Z,2024-01-15T20:00:00Z,2024-01-15,41,11023
2024-01-15T22:30:00Z,2024-01-15T21:00:00Z,2024-01-15,43,9682
2024-01-15T22:30:00Z,2024-01-15T22:00:00Z,2024-01-15,45,8824
2024-01-15T22:30:00Z,2024-01-15T23:00:00Z,2024-01-15,47,8118
2024-01-15T22:30:00Z,2024-01-16T00:00:00Z,2024-01-16,1,7385
2024-01-15T22:30:00Z,2024-01-16T01:00:00Z,2024-01-16,3,6781
2024-01-15T22:30:00Z,2024-01-16T02:00:00Z,2024-01-16,5,6145
2024-01-15T22:30:00Z,2024-01-16T03:00:00Z,2024-01-16,7,5723
2024-01-15T22:30:00Z,2024-01-16T04:00:00Z,2024-01-16,9,5650
2024-01-15T22:30:00Z,2024-01-16T05:00:00Z,2024-01-16,11,6163
2024-01-15T22:30:00Z,2024-01-16T06:00:00Z,2024-01-16,13,5992
2024-01-15T22:30:00Z,2024-01-16T07:00:00Z,2024-01-16,15,5964
2024-01-15T22:30:00Z,2024-01-16T08:00:00Z,2024-01-16,17,6519
2024-01-15T22:30:00Z,2024-01-16T09:00:00Z,2024-01-16,19,6893
2024-01-15T22:30:00Z,2024-01-16T10:00:00Z,2024-01-16,21,7566
2024-01-15T22:30:00Z,2024-01-16T11:00:00Z,2024-01-16,23,8343
2024-01-15T22:30:00Z,2024-01-16T12:00:00Z,2024-01-16,25,8919
2024-01-15T22:30:00Z,2024-01-16T13:00:00Z,2024-01-16,27,8986
2024-01-15T22:30:00Z,2024-01-16T14:00:00Z,2024-01-16,29,9354
2024-01-15T22:30:00Z,2024-01-16T15:00:00Z,2024-01-16,31,9457
2024-01-15T22:30:00Z,2024-01-16T16:00:00Z,2024-01-16,33,9805
2024-01-15T22:30:00Z,2024-01-16T17:00:00Z,2024-01-16,35,10147
2024-01-15T22:30:00Z,2024-01-16T18:00:00Z,2024-01-16,37,10278
2024-01-15T22:30:00Z,2024-01-16T19:00:00Z,2024-01-16,39,10134
2024-01-15T22:30:00Z,2024-01-16T20:00:00Z,2024-01-16,41,10267
2024-01-16T22:30:00Z,2024-01-16T21:00:00Z,2024-01-16,43,11809
2024-01-16T22:30:00Z,2024-01-16T22:00:00Z,2024-01-16,45,11691
2024-01-16T22:30:00Z,2024-01-16T23:00:00Z,2024-01-16,47,11659
2024-01-16T22:30:00Z,2024-01-17T00:00:00Z,2024-01-17,1,11697
2024-01-16T22:30:00Z,2024-01-17T01:00:00Z,2024-01-17,3,11206
2024-01-16T22:30:00Z,2024-01-17T02:00:00Z,2024-01-17,5,10617
2024-01-16T22:30:00Z,2024-01-17T03:00:00Z,2024-01-17,7,9705
2024-01-16T22:30:00Z,2024-01-17T04:00:00Z,2024-01-17,9,8932
2024-01-16T22:30:00Z,2024-01-17T05:00:00Z,2024-01-17,11,7802
2024-01-16T22:30:00Z,2024-01-17T06:00:00Z,2024-01-17,13,6848
2024-01-16T22:30:00Z,2024-01-17T07:00:00Z,2024-01-17,15,6425
2024-01-16T22:30:00Z,2024-01-17T08:00:00Z,2024-01-17,17,5686
2024-01-16T22:30:00Z,2024-01-17T09:00:00Z,2024-01-17,19,5448
2024-01-16T22:30:00Z,2024-01-17T10:00:00Z,2024-01-17,21,4980
2024-01-16T22:30:00Z,2024-01-17T11:00:00Z,2024-01-17,23,4849
2024-01-16T22:30:00Z,2024-01-17T12:00:00Z,2024-01-17,25,4800
2024-01-16T22:30:00Z,2024-01-17T13:00:00Z,2024-01-17,27,5141
2024-01-16T22:30:00Z,2024-01-17T14:00:00Z,2024-01-17,29,5509
2024-01-16T22:30:00Z,2024-01-17T15:00:00Z,2024-01-17,31,5934
2024-01-16T22:30:00Z,2024-01-17T16:00:00Z,2024-01-17,33,6555
2024-01-16T22:30:00Z,2024-01-17T17:00:00Z,2024-01-17,35,6871
2024-01-16T22:30:00Z,2024-01-17T18:00:00Z,2024-01-17,37,7117
2024-01-16T22:30:00Z,2024-01-17T19:00:00Z,2024-01-17,39,6878
2024-01-16T22:30:00Z,2024-01-17T20:00:00Z,2024-01-17,41,7014
2024-01-17T22:30:00Z,2024-01-17T21:00:00Z,2024-01-17,43,7564
2024-01-17T22:30:00Z,2024-01-17T22:00:00Z,2024-01-17,45,7817
2024-01-17T22:30:00Z,2024-01-17T23:00:00Z,2024-01-17,47,7481
2024-01-17T22:30:00Z,2024-01-18T00:00:00Z,2024-01-18,1,7951
2024-01-17T22:30:00Z,2024-01-18T01:00:00Z,2024-01-18,3,7810
2024-01-17T22:30:00Z,2024-01-18T02:00:00Z,2024-01-18,5,8401
2024-01-17T22:30:00Z,2024-01-18T03:00:00Z,2024-01-18,7,8416
2024-01-17T22:30:00Z,2024-01-18T04:00:00Z,2024-01-18,9,8426
2024-01-17T22:30:00Z,2024-01-18T05:00:00Z,2024-01-18,11,8822
2024-01-17T22:30:00Z,2024-01-18T06:00:00Z,2024-01-18,13,8806
2024-01-17T22:30:00Z,2024-01-18T07:00:00Z,2024-01-18,15,8845
2024-01-17T22:30:00Z,2024-01-18T08:00:00Z,2024-01-18,17,8935
2024-01-17T22:30:00Z,2024-01-18T09:00:00Z,2024-01-18,19,9210
2024-01-17T22:30:00Z,2024-01-18T10:00:00Z,2024-01-18,21,9564
2024-01-17T22:30:00Z,2024-01-18T11:00:00Z,2024-01-18,23,9191
2024-01-17T22:30:00Z,2024-01-18T12:00:00Z,2024-01-18,25,9742
2024-01-17T22:30:00Z,2024-01-18T13:00:00Z,2024-01-18,27,10488
2024-01-17T22:30:00Z,2024-01-18T14:00:00Z,2024-01-18,29,11106
2024-01-17T22:30:00Z,2024-01-18T15:00:00Z,2024-01-18,31,11213
2024-01-17T22:30:00Z,2024-01-18T16:00:00Z,2024-01-18,33,11743
2024-01-17T22:30:00Z,2024-01-18T17:00:00Z,2024-01-18,35,12395
2024-01-17T22:30:00Z,2024-01-18T18:00:00Z,2024-01-18,37,12552
2024-01-17T22:30:00Z,2024-01-18T19:00:00Z,2024-01-18,39,12505
2024-01-17T22:30:00Z,2024-01-18T20:00:00Z,2024-01-18,41,12211
2024-01-18T22:30:00Z,2024-01-18T21:00:00Z,2024-01-18,43,10958
2024-01-18T22:30:00Z,2024-01-18T22:00:00Z,2024-01-18,45,10841
2024-01-18T22:30:00Z,2024-01-18T23:00:00Z,2024-01-18,47,11186
2024-01-18T22:30:00Z,2024-01-19T00:00:00Z,2024-01-19,1,11628
2024-01-18T22:30:00Z,2024-01-19T01:00:00Z,2024-01-19,3,11979
2024-01-18T22:30:00Z,2024-01-19T02:00:00Z,2024-01-19,5,12314
2024-01-18T22:30:00Z,2024-01-19T03:00:00Z,2024-01-19,7,12507
2024-01-18T22:30:00Z,2024-01-19T04:00:00Z,2024-01-19,9,12790
2024-01-18T22:30:00Z,2024-01-19T05:00:00Z,2024-01-19,11,13026
2024-01-18T22:30:00Z,2024-01-19T06:00:00Z,2024-01-19,13,13208
2024-01-18T22:30:00Z,2024-01-19T07:00:00Z,2024-01-19,15,13365
2024-01-18T22:30:00Z,2024-01-19T08:00:00Z,2024-01-19,17,13655
2024-01-18T22:30:00Z,2024-01-19T09:00:00Z,2024-01-19,19,13950
2024-01-18T22:30:00Z,2024-01-19T10:00:00Z,2024-01-19,21,14073
2024-01-18T22:30:00Z,2024-01-19T11:00:00Z,2024-01-19,23,14155
2024-01-18T22:30:00Z,2024-01-19T12:00:00Z,2024-01-19,25,14285
2024-01-18T22:30:00Z,2024-01-19T13:00:00Z,2024-01-19,27,14224
2024-01-18T22:30:00Z,2024-01-19T14:00:00Z,2024-01-19,29,14102
2024-01-18T22:30:00Z,2024-01-19T15:00:00Z,2024-01-19,31,13848
2024-01-18T22:30:00Z,2024-01-19T16:00:00Z,2024-01-19,33,13437
2024-01-18T22:30:00Z,2024-01-19T17:00:00Z,2024-01-19,35,13283
2024-01-18T22:30:00Z,2024-01-19T18:00:00Z,2024-01-19,37,13337
2024-01-18T22:30:00Z,2024-01-19T19:00:00Z,2024-01-19,39,13468
2024-01-18T22:30:00Z,2024-01-19T20:00:00Z,2024-01-19,41,13678
2024-01-19T22:30:00Z,2024-01-19T21:00:00Z,2024-01-19,43,15569
2024-01-19T22:30:00Z,2024-01-19T22:00:00Z,2024-01-19,45,15965
2024-01-19T22:30:00Z,2024-01-19T23:00:00Z,2024-01-19,47,16405
2024-01-19T22:30:00Z,2024-01-20T00:00:00Z,2024-01-20,1,16755
2024-01-19T22:30:00Z,2024-01-20T01:00:00Z,2024-01-20,3,17074
2024-01-19T22:30:00Z,2024-01-20T02:00:00Z,2024-01-20,5,17378
2024-01-19T22:30:00Z,2024-01-20T03:00:00Z,2024-01-20,7,17693
2024-01-19T22:30:00Z,2024-01-20T04:00:00Z,2024-01-20,9,18043
2024-01-19T22:30:00Z,2024-01-20T05:00:00Z,2024-01-20,11,18251
2024-01-19T22:30:00Z,2024-01-20T06:00:00Z,2024-01-20,13,18296
2024-01-19T22:30:00Z,2024-01-20T07:00:00Z,2024-01-20,15,18271
2024-01-19T22:30:00Z,2024-01-20T08:00:00Z,2024-01-20,17,18240
2024-01-19T22:30:00Z,2024-01-20T09:00:00Z,2024-01-20,19,18238
2024-01-19T22:30:00Z,2024-01-20T10:00:00Z,2024-01-20,21,18283
2024-01-19T22:30:00Z,2024-01-20T11:00:00Z,2024-01-20,23,18264
2024-01-19T22:30:00Z,2024-01-20T12:00:00Z,2024-01-20,25,18281
2024-01-19T22:30:00Z,2024-01-20T13:00:00Z,2024-01-20,27,18342
2024-01-19T22:30:00Z,2024-01-20T14:00:00Z,2024-01-20,29,18454
2024-01-19T22:30:00Z,2024-01-20T15:00:00Z,2024-01-20,31,18685
2024-01-19T22:30:00Z,2024-01-20T16:00:00Z,2024-01-20,33,18950
2024-01-19T22:30:00Z,2024-01-20T17:00:00Z,2024-01-20,35,19171
2024-01-19T22:30:00Z,2024-01-20T18:00:00Z,2024-01-20,37,19341
2024-01-19T22:30:00Z,2024-01-20T19:00:00Z,2024-01-20,39,19508
2024-01-19T22:30:00Z,2024-01-20T20:00:00Z,2024-01-20,41,19602
2024-01-20T22:30:00Z,2024-01-20T21:00:00Z,2024-01-20,43,19498
2024-01-20T22:30:00Z,2024-01-20T22:00:00Z,2024-01-20,45,19503
2024-01-20T22:30:00Z,2024-01-20T23:00:00Z,2024-01-20,47,19352
2024-01-20T22:30:00Z,2024-01-21T00:00:00Z,2024-01-21,1,18998
2024-01-20T22:30:00Z,2024-01-21T01:00:00Z,2024-01-21,3,18307
2024-01-20T22:30:00Z,2024-01-21T02:00:00Z,2024-01-21,5,17602
2024-01-20T22:30:00Z,2024-01-21T03:00:00Z,2024-01-21,7,16976
2024-01-20T22:30:00Z,2024-01-21T04:00:00Z,2024-01-21,9,16733
2024-01-20T22:30:00Z,2024-01-21T05:00:00Z,2024-01-21,11,16739
2024-01-20T22:30:00Z,2024-01-21T06:00:00Z,2024-01-21,13,16864
2024-01-20T22:30:00Z,2024-01-21T07:00:00Z,2024-01-21,15,16964
2024-01-20T22:30:00Z,2024-01-21T08:00:00Z,2024-01-21,17,17093
2024-01-20T22:30:00Z,2024-01-21T09:00:00Z,2024-01-21,19,17326
2024-01-20T22:30:00Z,2024-01-21T10:00:00Z,2024-01-21,21,17582
2024-01-20T22:30:00Z,2024-01-21T11:00:00Z,2024-01-21,23,17872
2024-01-20T22:30:00Z,2024-01-21T12:00:00Z,2024-01-21,25,18193
2024-01-20T22:30:00Z,2024-01-21T13:00:00Z,2024-01-21,27,18590
2024-01-20T22:30:00Z,2024-01-21T14:00:00Z,2024-01-21,29,18381
2024-01-20T22:30:00Z,2024-01-21T15:00:00Z,2024-01-21,31,17429
2024-01-20T22:30:00Z,2024-01-21T16:00:00Z,2024-01-21,33,17220
2024-01-20T22:30:00Z,2024-01-21T17:00:00Z,2024-01-21,35,17241
2024-01-20T22:30:00Z,2024-01-21T18:00:00Z,2024-01-21,37,17270
2024-01-20T22:30:00Z,2024-01-21T19:00:00Z,2024-01-21,39,16941
2024-01-20T22:30:00Z,2024-01-21T20:00:00Z,2024-01-21,41,15905
2024-01-21T22:30:00Z,2024-01-21T21:00:00Z,2024-01-21,43,13414
2024-01-21T22:30:00Z,2024-01-21T22:00:00Z,2024-01-21,45,14417
2024-01-21T22:30:00Z,2024-01-21T23:00:00Z,2024-01-21,47,12374
2024-01-21T22:30:00Z,2024-01-22T00:00:00Z,2024-01-22,1,12256
2024-01-21T22:30:00Z,2024-01-22T01:00:00Z,2024-01-22,3,12891
2024-01-21T22:30:00Z,2024-01-22T02:00:00Z,2024-01-22,5,17324
2024-01-21T22:30:00Z,2024-01-22T03:00:00Z,2024-01-22,7,18510
2024-01-21T22:30:00Z,2024-01-22T04:00:00Z,2024-01-22,9,19002
2024-01-21T22:30:00Z,2024-01-22T05:00:00Z,2024-01-22,11,19646
2024-01-21T22:30:00Z,2024-01-22T06:00:00Z,2024-01-22,13,19717
2024-01-21T22:30:00Z,2024-01-22T07:00:00Z,2024-01-22,15,19779
2024-01-21T22:30:00Z,2024-01-22T08:00:00Z,2024-01-22,17,19716
2024-01-21T22:30:00Z,2024-01-22T09:00:00Z,2024-01-22,19,19665
2024-01-21T22:30:00Z,2024-01-22T10:00:00Z,2024-01-22,21,19669
2024-01-21T22:30:00Z,2024-01-22T11:00:00Z,2024-01-22,23,19689
2024-01-21T22:30:00Z,2024-01-22T12:00:00Z,2024-01-22,25,19701
2024-01-21T22:30:00Z,2024-01-22T13:00:00Z,2024-01-22,27,19674
2024-01-21T22:30:00Z,2024-01-22T14:00:00Z,2024-01-22,29,19631
2024-01-21T22:30:00Z,2024-01-22T15:00:00Z,2024-01-22,31,19606
2024-01-21T22:30:00Z,2024-01-22T16:00:00Z,2024-01-22,33,19571
2024-01-21T22:30:00Z,2024-01-22T17:00:00Z,2024-01-22,35,19564
2024-01-21T22:30:00Z,2024-01-22T18:00:00Z,2024-01-22,37,19536
2024-01-21T22:30:00Z,2024-01-22T19:00:00Z,2024-01-22,39,19515
2024-01-21T22:30:00Z,2024-01-22T20:00:00Z,2024-01-22,41,19533
2024-01-22T22:30:00Z,2024-01-22T21:00:00Z,2024-01-22,43,19635
2024-01-22T22:30:00Z,2024-01-22T22:00:00Z,2024-01-22,45,19472
2024-01-22T22:30:00Z,2024-01-22T23:00:00Z,2024-01-22,47,19208
2024-01-22T22:30:00Z,2024-01-23T00:00:00Z,2024-01-23,1,18788
2024-01-22T22:30:00Z,2024-01-23T01:00:00Z,2024-01-23,3,18301
2024-01-22T22:30:00Z,2024-01-23T02:00:00Z,2024-01-23,5,17740
2024-01-22T22:30:00Z,2024-01-23T03:00:00Z,2024-01-23,7,16901
2024-01-22T22:30:00Z,2024-01-23T04:00:00Z,2024-01-23,9,15775
2024-01-22T22:30:00Z,2024-01-23T05:00:00Z,2024-01-23,11,14388
2024-01-22T22:30:00Z,2024-01-23T06:00:00Z,2024-01-23,13,13438
2024-01-22T22:30:00Z,2024-01-23T07:00:00Z,2024-01-23,15,13188
2024-01-22T22:30:00Z,2024-01-23T08:00:00Z,2024-01-23,17,13889
2024-01-22T22:30:00Z,2024-01-23T09:00:00Z,2024-01-23,19,14855
2024-01-22T22:30:00Z,2024-01-23T10:00:00Z,2024-01-23,21,16612
2024-01-22T22:30:00Z,2024-01-23T11:00:00Z,2024-01-23,23,17983
2024-01-22T22:30:00Z,2024-01-23T12:00:00Z,2024-01-23,25,18686
2024-01-22T22:30:00Z,2024-01-23T13:00:00Z,2024-01-23,27,19110
2024-01-22T22:30:00Z,2024-01-23T14:00:00Z,2024-01-23,29,19234
2024-01-22T22:30:00Z,2024-01-23T15:00:00Z,2024-01-23,31,19460
2024-01-22T22:30:00Z,2024-01-23T16:00:00Z,2024-01-23,33,19426
2024-01-22T22:30:00Z,2024-01-23T17:00:00Z,2024-01-23,35,19561
2024-01-22T22:30:00Z,2024-01-23T18:00:00Z,2024-01-23,37,19432
2024-01-22T22:30:00Z,2024-01-23T19:00:00Z,2024-01-23,39,19368
2024-01-22T22:30:00Z,2024-01-23T20:00:00Z,2024-01-23,41,19071
2024-01-23T22:30:00Z,2024-01-23T21:00:00Z,2024-01-23,43,18831
2024-01-23T22:30:00Z,2024-01-23T22:00:00Z,2024-01-23,45,18879
2024-01-23T22:30:00Z,2024-01-23T23:00:00Z,2024-01-23,47,18407
2024-01-23T22:30:00Z,2024-01-24T00:00:00Z,2024-01-24,1,18390
2024-01-23T22:30:00Z,2024-01-24T01:00:00Z,2024-01-24,3,18237
2024-01-23T22:30:00Z,2024-01-24T02:00:00Z,2024-01-24,5,18370
2024-01-23T22:30:00Z,2024-01-24T03:00:00Z,2024-01-24,7,18258
2024-01-23T22:30:00Z,2024-01-24T04:00:00Z,2024-01-24,9,18399
2024-01-23T22:30:00Z,2024-01-24T05:00:00Z,2024-01-24,11,18465
2024-01-23T22:30:00Z,2024-01-24T06:00:00Z,2024-01-24,13,18759
2024-01-23T22:30:00Z,2024-01-24T07:00:00Z,2024-01-24,15,19109
2024-01-23T22:30:00Z,2024-01-24T08:00:00Z,2024-01-24,17,19473
2024-01-23T22:30:00Z,2024-01-24T09:00:00Z,2024-01-24,19,19325
2024-01-23T22:30:00Z,2024-01-24T10:00:00Z,2024-01-24,21,19163
2024-01-23T22:30:00Z,2024-01-24T11:00:00Z,2024-01-24,23,19076
2024-01-23T22:30:00Z,2024-01-24T12:00:00Z,2024-01-24,25,18757
2024-01-23T22:30:00Z,2024-01-24T13:00:00Z,2024-01-24,27,18270
2024-01-23T22:30:00Z,2024-01-24T14:00:00Z,2024-01-24,29,17477
2024-01-23T22:30:00Z,2024-01-24T15:00:00Z,2024-01-24,31,16663
2024-01-23T22:30:00Z,2024-01-24T16:00:00Z,2024-01-24,33,15911
2024-01-23T22:30:00Z,2024-01-24T17:00:00Z,2024-01-24,35,15117
2024-01-23T22:30:00Z,2024-01-24T18:00:00Z,2024-01-24,37,14343
2024-01-23T22:30:00Z,2024-01-24T19:00:00Z,2024-01-24,39,13343
2024-01-23T22:30:00Z,2024-01-24T20:00:00Z,2024-01-24,41,12361
2024-01-24T22:30:00Z,2024-01-24T21:00:00Z,2024-01-24,43,10745
2024-01-24T22:30:00Z,2024-01-24T22:00:00Z,2024-01-24,45,9702
2024-01-24T22:30:00Z,2024-01-24T23:00:00Z,2024-01-24,47,8629
2024-01-24T22:30:00Z,2024-01-25T00:00:00Z,2024-01-25,1,7735
2024-01-24T22:30:00Z,2024-01-25T01:00:00Z,2024-01-25,3,6913
2024-01-24T22:30:00Z,2024-01-25T02:00:00Z,2024-01-25,5,6204
2024-01-24T22:30:00Z,2024-01-25T03:00:00Z,2024-01-25,7,5749
2024-01-24T22:30:00Z,2024-01-25T04:00:00Z,2024-01-25,9,5567
2024-01-24T22:30:00Z,2024-01-25T05:00:00Z,2024-01-25,11,5679
2024-01-24T22:30:00Z,2024-01-25T06:00:00Z,2024-01-25,13,6266
2024-01-24T22:30:00Z,2024-01-25T07:00:00Z,2024-01-25,15,7280
2024-01-24T22:30:00Z,2024-01-25T08:00:00Z,2024-01-25,17,8652
2024-01-24T22:30:00Z,2024-01-25T09:00:00Z,2024-01-25,19,10366
2024-01-24T22:30:00Z,2024-01-25T10:00:00Z,2024-01-25,21,12340
2024-01-24T22:30:00Z,2024-01-25T11:00:00Z,2024-01-25,23,13753
2024-01-24T22:30:00Z,2024-01-25T12:00:00Z,2024-01-25,25,14759
2024-01-24T22:30:00Z,2024-01-25T13:00:00Z,2024-01-25,27,15262
2024-01-24T22:30:00Z,2024-01-25T14:00:00Z,2024-01-25,29,15492
2024-01-24T22:30:00Z,2024-01-25T15:00:00Z,2024-01-25,31,15633
2024-01-24T22:30:00Z,2024-01-25T16:00:00Z,2024-01-25,33,15942
2024-01-24T22:30:00Z,2024-01-25T17:00:00Z,2024-01-25,35,16295
2024-01-24T22:30:00Z,2024-01-25T18:00:00Z,2024-01-25,37,16621
2024-01-24T22:30:00Z,2024-01-25T19:00:00Z,2024-01-25,39,17101
2024-01-24T22:30:00Z,2024-01-25T20:00:00Z,2024-01-25,41,17509
2024-01-25T22:30:00Z,2024-01-25T21:00:00Z,2024-01-25,43,18090
2024-01-25T22:30:00Z,2024-01-25T22:00:00Z,2024-01-25,45,18572
2024-01-25T22:30:00Z,2024-01-25T23:00:00Z,2024-01-25,47,19004
2024-01-25T22:30:00Z,2024-01-26T00:00:00Z,2024-01-26,1,19296
2024-01-25T22:30:00Z,2024-01-26T01:00:00Z,2024-01-26,3,19171
2024-01-25T22:30:00Z,2024-01-26T02:00:00Z,2024-01-26,5,18945
2024-01-25T22:30:00Z,2024-01-26T03:00:00Z,2024-01-26,7,18949
2024-01-25T22:30:00Z,2024-01-26T04:00:00Z,2024-01-26,9,19128
2024-01-25T22:30:00Z,2024-01-26T05:00:00Z,2024-01-26,11,19095
2024-01-25T22:30:00Z,2024-01-26T06:00:00Z,2024-01-26,13,18984
2024-01-25T22:30:00Z,2024-01-26T07:00:00Z,2024-01-26,15,18864
2024-01-25T22:30:00Z,2024-01-26T08:00:00Z,2024-01-26,17,18430
2024-01-25T22:30:00Z,2024-01-26T09:00:00Z,2024-01-26,19,18038
2024-01-25T22:30:00Z,2024-01-26T10:00:00Z,2024-01-26,21,17842
2024-01-25T22:30:00Z,2024-01-26T11:00:00Z,2024-01-26,23,17761
2024-01-25T22:30:00Z,2024-01-26T12:00:00Z,2024-01-26,25,17677
2024-01-25T22:30:00Z,2024-01-26T13:00:00Z,2024-01-26,27,17308
2024-01-25T22:30:00Z,2024-01-26T14:00:00Z,2024-01-26,29,16817
2024-01-25T22:30:00Z,2024-01-26T15:00:00Z,2024-01-26,31,16262
2024-01-25T22:30:00Z,2024-01-26T16:00:00Z,2024-01-26,33,15942
2024-01-25T22:30:00Z,2024-01-26T17:00:00Z,2024-01-26,35,15569
2024-01-25T22:30:00Z,2024-01-26T18:00:00Z,2024-01-26,37,15529
2024-01-25T22:30:00Z,2024-01-26T19:00:00Z,2024-01-26,39,15715
2024-01-25T22:30:00Z,2024-01-26T20:00:00Z,2024-01-26,41,15982
2024-01-26T22:30:00Z,2024-01-26T21:00:00Z,2024-01-26,43,15842
2024-01-26T22:30:00Z,2024-01-26T22:00:00Z,2024-01-26,45,15922
2024-01-26T22:30:00Z,2024-01-26T23:00:00Z,2024-01-26,47,15723
2024-01-26T22:30:00Z,2024-01-27T00:00:00Z,2024-01-27,1,15606
2024-01-26T22:30:00Z,2024-01-27T01:00:00Z,2024-01-27,3,15533
2024-01-26T22:30:00Z,2024-01-27T02:00:00Z,2024-01-27,5,15463
2024-01-26T22:30:00Z,2024-01-27T03:00:00Z,2024-01-27,7,15407
2024-01-26T22:30:00Z,2024-01-27T04:00:00Z,2024-01-27,9,15354
2024-01-26T22:30:00Z,2024-01-27T05:00:00Z,2024-01-27,11,15150
2024-01-26T22:30:00Z,2024-01-27T06:00:00Z,2024-01-27,13,15072
2024-01-26T22:30:00Z,2024-01-27T07:00:00Z,2024-01-27,15,14982
2024-01-26T22:30:00Z,2024-01-27T08:00:00Z,2024-01-27,17,14988
2024-01-26T22:30:00Z,2024-01-27T09:00:00Z,2024-01-27,19,15020
2024-01-26T22:30:00Z,2024-01-27T10:00:00Z,2024-01-27,21,15058
2024-01-26T22:30:00Z,2024-01-27T11:00:00Z,2024-01-27,23,15023
2024-01-26T22:30:00Z,2024-01-27T12:00:00Z,2024-01-27,25,14878
2024-01-26T22:30:00Z,2024-01-27T13:00:00Z,2024-01-27,27,14409
2024-01-26T22:30:00Z,2024-01-27T14:00:00Z,2024-01-27,29,13684
2024-01-26T22:30:00Z,2024-01-27T15:00:00Z,2024-01-27,31,13018
2024-01-26T22:30:00Z,2024-01-27T16:00:00Z,2024-01-27,33,12689
2024-01-26T22:30:00Z,2024-01-27T17:00:00Z,2024-01-27,35,12807
2024-01-26T22:30:00Z,2024-01-27T18:00:00Z,2024-01-27,37,13159
2024-01-26T22:30:00Z,2024-01-27T19:00:00Z,2024-01-27,39,13896
2024-01-26T22:30:00Z,2024-01-27T20:00:00Z,2024-01-27,41,14762
2024-01-27T22:30:00Z,2024-01-27T21:00:00Z,2024-01-27,43,15394
2024-01-27T22:30:00Z,2024-01-27T22:00:00Z,2024-01-27,45,15805
2024-01-27T22:30:00Z,2024-01-27T23:00:00Z,2024-01-27,47,16075
2024-01-27T22:30:00Z,2024-01-28T00:00:00Z,2024-01-28,1,16149
2024-01-27T22:30:00Z,2024-01-28T01:00:00Z,2024-01-28,3,16249
2024-01-27T22:30:00Z,2024-01-28T02:00:00Z,2024-01-28,5,16274
2024-01-27T22:30:00Z,2024-01-28T03:00:00Z,2024-01-28,7,16432
2024-01-27T22:30:00Z,2024-01-28T04:00:00Z,2024-01-28,9,16574
2024-01-27T22:30:00Z,2024-01-28T05:00:00Z,2024-01-28,11,16698
2024-01-27T22:30:00Z,2024-01-28T06:00:00Z,2024-01-28,13,16832
2024-01-27T22:30:00Z,2024-01-28T07:00:00Z,2024-01-28,15,17099
2024-01-27T22:30:00Z,2024-01-28T08:00:00Z,2024-01-28,17,17206
2024-01-27T22:30:00Z,2024-01-28T09:00:00Z,2024-01-28,19,17283
2024-01-27T22:30:00Z,2024-01-28T10:00:00Z,2024-01-28,21,17041
2024-01-27T22:30:00Z,2024-01-28T11:00:00Z,2024-01-28,23,16991
2024-01-27T22:30:00Z,2024-01-28T12:00:00Z,2024-01-28,25,16774
2024-01-27T22:30:00Z,2024-01-28T13:00:00Z,2024-01-28,27,16829
2024-01-27T22:30:00Z,2024-01-28T14:00:00Z,2024-01-28,29,16733
2024-01-27T22:30:00Z,2024-01-28T15:00:00Z,2024-01-28,31,16981
2024-01-27T22:30:00Z,2024-01-28T16:00:00Z,2024-01-28,33,17265
2024-01-27T22:30:00Z,2024-01-28T17:00:00Z,2024-01-28,35,17693
2024-01-27T22:30:00Z,2024-01-28T18:00:00Z,2024-01-28,37,17722
2024-01-27T22:30:00Z,2024-01-28T19:00:00Z,2024-01-28,39,17313
2024-01-27T22:30:00Z,2024-01-28T20:00:00Z,2024-01-28,41,16491
2024-01-28T22:30:00Z,2024-01-28T21:00:00Z,2024-01-28,43,15401
2024-01-28T22:30:00Z,2024-01-28T22:00:00Z,2024-01-28,45,14151
2024-01-28T22:30:00Z,2024-01-28T23:00:00Z,2024-01-28,47,12869
2024-01-28T22:30:00Z,2024-01-29T00:00:00Z,2024-01-29,1,11733
2024-01-28T22:30:00Z,2024-01-29T01:00:00Z,2024-01-29,3,10264
2024-01-28T22:30:00Z,2024-01-29T02:00:00Z,2024-01-29,5,8804
2024-01-28T22:30:00Z,2024-01-29T03:00:00Z,2024-01-29,7,7510
2024-01-28T22:30:00Z,2024-01-29T04:00:00Z,2024-01-29,9,6403
2024-01-28T22:30:00Z,2024-01-29T05:00:00Z,2024-01-29,11,5382
2024-01-28T22:30:00Z,2024-01-29T06:00:00Z,2024-01-29,13,4424
2024-01-28T22:30:00Z,2024-01-29T07:00:00Z,2024-01-29,15,3881
2024-01-28T22:30:00Z,2024-01-29T08:00:00Z,2024-01-29,17,3586
2024-01-28T22:30:00Z,2024-01-29T09:00:00Z,2024-01-29,19,3328
2024-01-28T22:30:00Z,2024-01-29T10:00:00Z,2024-01-29,21,3176
2024-01-28T22:30:00Z,2024-01-29T11:00:00Z,2024-01-29,23,3102
2024-01-28T22:30:00Z,2024-01-29T12:00:00Z,2024-01-29,25,3068
2024-01-28T22:30:00Z,2024-01-29T13:00:00Z,2024-01-29,27,3085
2024-01-28T22:30:00Z,2024-01-29T14:00:00Z,2024-01-29,29,3294
2024-01-28T22:30:00Z,2024-01-29T15:00:00Z,2024-01-29,31,3693
2024-01-28T22:30:00Z,2024-01-29T16:00:00Z,2024-01-29,33,4314
2024-01-28T22:30:00Z,2024-01-29T17:00:00Z,2024-01-29,35,5104
2024-01-28T22:30:00Z,2024-01-29T18:00:00Z,2024-01-29,37,5889
2024-01-28T22:30:00Z,2024-01-29T19:00:00Z,2024-01-29,39,6668
2024-01-28T22:30:00Z,2024-01-29T20:00:00Z,2024-01-29,41,7337
2024-01-29T22:30:00Z,2024-01-29T21:00:00Z,2024-01-29,43,8368
2024-01-29T22:30:00Z,2024-01-29T22:00:00Z,2024-01-29,45,8766
2024-01-29T22:30:00Z,2024-01-29T23:00:00Z,2024-01-29,47,9044
2024-01-29T22:30:00Z,2024-01-30T00:00:00Z,2024-01-30,1,9302
2024-01-29T22:30:00Z,2024-01-30T01:00:00Z,2024-01-30,3,9406
2024-01-29T22:30:00Z,2024-01-30T02:00:00Z,2024-01-30,5,9395
2024-01-29T22:30:00Z,2024-01-30T03:00:00Z,2024-01-30,7,9341
2024-01-29T22:30:00Z,2024-01-30T04:00:00Z,2024-01-30,9,9180
2024-01-29T22:30:00Z,2024-01-30T05:00:00Z,2024-01-30,11,9064
2024-01-29T22:30:00Z,2024-01-30T06:00:00Z,2024-01-30,13,8848
2024-01-29T22:30:00Z,2024-01-30T07:00:00Z,2024-01-30,15,8560
2024-01-29T22:30:00Z,2024-01-30T08:00:00Z,2024-01-30,17,8300
2024-01-29T22:30:00Z,2024-01-30T09:00:00Z,2024-01-30,19,8205
2024-01-29T22:30:00Z,2024-01-30T10:00:00Z,2024-01-30,21,8025
2024-01-29T22:30:00Z,2024-01-30T11:00:00Z,2024-01-30,23,7816
2024-01-29T22:30:00Z,2024-01-30T12:00:00Z,2024-01-30,25,7706
2024-01-29T22:30:00Z,2024-01-30T13:00:00Z,2024-01-30,27,7446
2024-01-29T22:30:00Z,2024-01-30T14:00:00Z,2024-01-30,29,7105
2024-01-29T22:30:00Z,2024-01-30T15:00:00Z,2024-01-30,31,6837
2024-01-29T22:30:00Z,2024-01-30T16:00:00Z,2024-01-30,33,6711
2024-01-29T22:30:00Z,2024-01-30T17:00:00Z,2024-01-30,35,6642
2024-01-29T22:30:00Z,2024-01-30T18:00:00Z,2024-01-30,37,6717
2024-01-29T22:30:00Z,2024-01-30T19:00:00Z,2024-01-30,39,6982
2024-01-29T22:30:00Z,2024-01-30T20:00:00Z,2024-01-30,41,7211
2024-01-30T22:30:00Z,2024-01-30T21:00:00Z,2024-01-30,43,8434
2024-01-30T22:30:00Z,2024-01-30T22:00:00Z,2024-01-30,45,9209
2024-01-30T22:30:00Z,2024-01-30T23:00:00Z,2024-01-30,47,9778
2024-01-30T22:30:00Z,2024-01-31T00:00:00Z,2024-01-31,1,10152
2024-01-30T22:30:00Z,2024-01-31T01:00:00Z,2024-01-31,3,10529
2024-01-30T22:30:00Z,2024-01-31T02:00:00Z,2024-01-31,5,10970
2024-01-30T22:30:00Z,2024-01-31T03:00:00Z,2024-01-31,7,11477
2024-01-30T22:30:00Z,2024-01-31T04:00:00Z,2024-01-31,9,12053
2024-01-30T22:30:00Z,2024-01-31T05:00:00Z,2024-01-31,11,12822
2024-01-30T22:30:00Z,2024-01-31T06:00:00Z,2024-01-31,13,13307
2024-01-30T22:30:00Z,2024-01-31T07:00:00Z,2024-01-31,15,13909
2024-01-30T22:30:00Z,2024-01-31T08:00:00Z,2024-01-31,17,14561
2024-01-30T22:30:00Z,2024-01-31T09:00:00Z,2024-01-31,19,14912
2024-01-30T22:30:00Z,2024-01-31T10:00:00Z,2024-01-31,21,15453
2024-01-30T22:30:00Z,2024-01-31T11:00:00Z,2024-01-31,23,14782
2024-01-30T22:30:00Z,2024-01-31T12:00:00Z,2024-01-31,25,15656
2024-01-30T22:30:00Z,2024-01-31T13:00:00Z,2024-01-31,27,18116
2024-01-30T22:30:00Z,2024-01-31T14:00:00Z,2024-01-31,29,18483
2024-01-30T22:30:00Z,2024-01-31T15:00:00Z,2024-01-31,31,18400
2024-01-30T22:30:00Z,2024-01-31T16:00:00Z,2024-01-31,33,18211
2024-01-30T22:30:00Z,2024-01-31T17:00:00Z,2024-01-31,35,17992
2024-01-30T22:30:00Z,2024-01-31T18:00:00Z,2024-01-31,37,18208
2024-01-30T22:30:00Z,2024-01-31T19:00:00Z,2024-01-31,39,18033
2024-01-30T22:30:00Z,2024-01-31T20:00:00Z,2024-01-31,41,17782
2024-01-31T22:30:00Z,2024-01-31T21:00:00Z,2024-01-31,43,17543
2024-01-31T22:30:00Z,2024-01-31T22:00:00Z,2024-01-31,45,17315
2024-01-31T22:30:00Z,2024-01-31T23:00:00Z,2024-01-31,47,16909
2024-01-31T22:30:00Z,2024-02-01T00:00:00Z,2024-02-01,1,16341
